{"cameraMode":{"drawMode":0,"name":"Shaded","section":"Shading Mode"},"sceneLighting":true,"audioPlay":false,"sceneViewState":{"showFog":true,"showMaterialUpdate":false,"showSkybox":true,"showFlares":true,"showImageEffects":true,"showParticleSystems":true},"in2DMode":false,"pivot":{"x":20.816370010375978,"y":0.40659356117248537,"z":2.635572910308838},"rotation":{"x":-0.01939447969198227,"y":0.6026955842971802,"z":-0.014652702026069165,"w":-0.7976009249687195},"size":17.27472686767578,"orthographic":false}