{"cameraMode":{"drawMode":0,"name":"Shaded","section":"Shading Mode"},"sceneLighting":true,"audioPlay":false,"sceneViewState":{"showFog":true,"showMaterialUpdate":false,"showSkybox":true,"showFlares":true,"showImageEffects":true,"showParticleSystems":true},"in2DMode":false,"pivot":{"x":-12.400912284851075,"y":4.448055744171143,"z":-1.1892716884613038},"rotation":{"x":-0.018791457638144494,"y":0.685133159160614,"z":-0.017688125371932985,"w":-0.7279606461524963},"size":8.178881645202637,"orthographic":false}