{"cameraMode":{"drawMode":0,"name":"Shaded","section":"Shading Mode"},"sceneLighting":true,"audioPlay":false,"sceneViewState":{"showFog":true,"showMaterialUpdate":false,"showSkybox":true,"showFlares":true,"showImageEffects":true,"showParticleSystems":true},"in2DMode":false,"pivot":{"x":-19.01726722717285,"y":9.20920181274414,"z":-0.4746108949184418},"rotation":{"x":-0.03319564089179039,"y":0.7039982676506043,"z":-0.03297780454158783,"w":-0.7086585760116577},"size":15.255891799926758,"orthographic":false}