{"cameraMode":{"drawMode":0,"name":"Shaded","section":"Shading Mode"},"sceneLighting":true,"audioPlay":false,"sceneViewState":{"showFog":true,"showMaterialUpdate":false,"showSkybox":true,"showFlares":true,"showImageEffects":true,"showParticleSystems":true},"in2DMode":false,"pivot":{"x":26.018938064575197,"y":5.432126998901367,"z":-0.003246784210205078},"rotation":{"x":-0.16938424110412599,"y":-0.63007652759552,"z":0.14341871440410615,"w":-0.7441394925117493},"size":15.851999282836914,"orthographic":false}