{"cameraMode":{"drawMode":0,"name":"Shaded","section":"Shading Mode"},"sceneLighting":true,"audioPlay":false,"sceneViewState":{"showFog":true,"showMaterialUpdate":false,"showSkybox":true,"showFlares":true,"showImageEffects":true,"showParticleSystems":true},"in2DMode":false,"pivot":{"x":-12.400912284851075,"y":5.838055610656738,"z":-0.07927155494689942},"rotation":{"x":0.0457698218524456,"y":-0.6889918446540833,"z":0.04367965832352638,"w":0.7220024466514587},"size":19.30143928527832,"orthographic":false}