{"cameraMode":{"drawMode":0,"name":"Shaded","section":"Shading Mode"},"sceneLighting":true,"audioPlay":false,"sceneViewState":{"showFog":true,"showMaterialUpdate":false,"showSkybox":true,"showFlares":true,"showImageEffects":true,"showParticleSystems":true},"in2DMode":false,"pivot":{"x":-27.54254722595215,"y":2.873793125152588,"z":-1.0529968738555909},"rotation":{"x":0.10237818211317063,"y":-0.6717217564582825,"z":0.09454288333654404,"w":0.7275784015655518},"size":11.12598991394043,"orthographic":false}