{"cameraMode":{"drawMode":0,"name":"Shaded","section":"Shading Mode"},"sceneLighting":true,"audioPlay":false,"sceneViewState":{"showFog":true,"showMaterialUpdate":false,"showSkybox":true,"showFlares":true,"showImageEffects":true,"showParticleSystems":true},"in2DMode":false,"pivot":{"x":16.7775936126709,"y":15.354475021362305,"z":-0.6188902854919434},"rotation":{"x":0.1769179105758667,"y":-0.7462612390518189,"z":0.2188987284898758,"w":0.6032227277755737},"size":11.036419868469239,"orthographic":false}